alpha,n,q1,me,q3,ips
0.3,4500,0.260895103640547,0.552040293329758,0.778377170190941,0.230769230769231
0.5,4500,0.287172964414829,0.563943897302143,0.77475034059737,0.333333333333333
0.7,4500,0.296215696335651,0.564814146941881,0.776162471998349,0.411764705882353
0.9,4500,0.300467497027029,0.567670285823562,0.773493054468474,0.473684210526316
1,4500,0.303103409846002,0.567932692599598,0.771676250281701,0.5
