alpha,n,q1,me,q3,ips
0.3,300,0.706652370937802,0.894956817966281,1.1746379906821,0.230769230769231
0.5,300,0.644914162202593,0.846439541751642,1.06042886399115,0.333333333333333
0.7,300,0.614591198227591,0.817729249309001,1.00164251203078,0.411764705882353
0.9,300,0.579860113325242,0.787850147613208,0.958165632024647,0.473684210526316
1,300,0.567481456521496,0.779224395054498,0.947695601181005,0.5
