alpha,n,q1,me,q3,ips
0.183822320454552,300,0.795443255387785,1.08032601345957,2.5607342805605,0.155278640450004
0.45044682073866,300,0.654772963931834,0.853706449118083,1.06637649170365,0.310557280900008
0.872083953169103,300,0.593236021880822,0.796201582078262,0.966780989800227,0.465835921350013
1.6393202250021,300,0.513415508651093,0.71264797110539,0.901554168428694,0.621114561800017
3.47213595499958,300,0.466660248016807,0.678988887269506,0.864831482381662,0.776393202250021
