alpha,n,q1,me,q3,ips
0.12429949509495,300,0.823886625981452,1.23110038300168,2.86851897303823,0.110557280900008
0.283885859146393,300,0.715817393493632,0.903559557719083,1.18859747859535,0.221114561800017
0.496270939773014,300,0.656392155777047,0.848937666158401,1.06275395614276,0.331671842700025
0.792850868181436,300,0.596904874269281,0.795192163068564,0.976407123137122,0.442229123600034
1.23606797749979,300,0.540254657990939,0.748210406942347,0.926851769066435,0.552786404500042
