alpha,n,q1,me,q3,ips
0.183822320454552,4500,0.201652813171183,0.479500194558511,0.749712387869133,0.155278640450004
0.45044682073866,4500,0.284878376155097,0.562542898150778,0.777632781499052,0.310557280900008
0.872083953169103,4500,0.300288429753449,0.5671306919225,0.77310333235994,0.465835921350013
1.6393202250021,4500,0.311168955612846,0.568117799966297,0.769804184872013,0.621114561800017
3.47213595499958,4500,0.317523644105524,0.567125182952319,0.764284075268029,0.776393202250021
