alpha,n,q1,me,q3,ips
0.12429949509495,4500,0.177116795439178,0.441346951998684,0.734314627942892,0.110557280900008
0.283885859146393,4500,0.269298813624851,0.556848823058704,0.779677444505041,0.221114561800017
0.496270939773014,4500,0.284203104547787,0.564390251363279,0.775781386920304,0.331671842700025
0.792850868181436,4500,0.299610124207885,0.567794109427843,0.773564431670131,0.442229123600034
1.23606797749979,4500,0.307392957837926,0.567198316918001,0.771474267462127,0.552786404500042
